skillid,skillname,type,attacktype,damage,pp,accuracy,priority,effectid,memo
50001,불꽃,Fire,Special,40,40,100,0,0,
50002,물대포,Water,Special,40,40,100,0,0,
50003,나뭇잎,Grass,Physical,40,40,100,0,0,
50004,화염방사,Fire,Special,80,15,100,0,60003,
50005,정권지르기,Fighting,Physical,60,20,100,0,0,
50006,마하펀치,Fighting,Physical,40,10,100,1,0,
50007,리프블레이드,Grass,Physical,80,15,100,0,60010,
50008,탁류,Water,Special,80,15,100,0,60012,
50009,투신 각성,Fighting,Status,0,10,100,0,60017,
50010,무령질주,Fighting,Physical,60,5,100,2,0,
50011,패왕진각,Fighting,Physical,100,10,100,0,0,
