EffectId,EffectKey,EffectName,Description,EffectType,TargetType,StatusEffectId,Value,Duration,Chance,Memo
60001,paralysis_status_effect,Weak Chance Paralysis,Has a 30% chance to inflict Paralysis on the target.,ApplyStatusEffect,Enemy,70001,1,0,30,
60002,weak_chance_poison,Weak Chance Poison,Has a 30% chance to inflict Poison on the target.,ApplyStatusEffect,Enemy,70002,1,0,30,
60003,weak_chance_burn,Weak Chance Burn,Has a 30% chance to inflict Burn on the target.,ApplyStatusEffect,Enemy,70003,1,0,30,
60004,weak_chance_frostbite,Weak Chance Frostbite,Has a 30% chance to inflict Frostbite on the target.,ApplyStatusEffect,Enemy,70004,1,0,30,
60005,weak_chance_toxic,Weak Chance Toxic,Has a 30% chance to inflict Toxic on the target.,ApplyStatusEffect,Enemy,70005,1,0,30,Can replace Poison with Toxic.
60006,weak_chance_confusion,Weak Chance Confusion,Has a 30% chance to inflict Confusion on the target.,ApplyStatusEffect,Enemy,70006,1,0,30,Confusion can coexist with another status effect.
60007,go_to_sleep,Go to Sleep,"Removes all current status effects, including Confusion, then applies Sleep.",ApplyStatusEffect,Self,70007,1,0,100,Exception: clear all statuses before applying Sleep.
60008,normal_chance_sleep,Normal Chance Sleep,Has a 60% chance to inflict Sleep on the target.,ApplyStatusEffect,Enemy,70007,1,0,60,Does not clear existing status effects.
60009,guaranteed_sleep,Guaranteed Sleep,Has a 100% effect chance to inflict Sleep on the target.,ApplyStatusEffect,Enemy,70007,1,0,100,Still subject to Accuracy and status eligibility.
